"PassengerId","Survived","Pclass","Sex","Age","SibSp","Parch","Fare","Embarked","Title","Bord","Deck"
1,"No","1","male",22,1,0,7.25,"S","Mr",NA,NA
2,"Yes","3","female",38,1,0,71.2833,"C","Mrs","B","C"
3,"Yes","1","female",26,0,0,7.925,"S","Miss",NA,NA
4,"Yes","3","female",35,1,0,53.1,"S","Mrs","B","C"
5,"No","1","male",35,0,0,8.05,"S","Mr",NA,NA
6,"No","1","male",32,0,0,8.4583,"Q","Mr",NA,NA
7,"No","3","male",54,0,0,51.8625,"S","Mr","S","E"
8,"No","1","male",2,3,1,21.075,"S","Master",NA,NA
9,"Yes","1","female",27,0,2,11.1333,"S","Mrs",NA,NA
10,"Yes","2","female",14,1,0,30.0708,"C","Mrs",NA,NA
11,"Yes","1","female",4,1,1,16.7,"S","Miss","S","G"
12,"Yes","3","female",58,0,0,26.55,"S","Miss","B","C"
13,"No","1","male",20,0,0,8.05,"S","Mr",NA,NA
14,"No","1","male",39,1,5,31.275,"S","Mr",NA,NA
15,"No","1","female",14,0,0,7.8542,"S","Miss",NA,NA
16,"Yes","2","female",55,0,0,16,"S","Mrs",NA,NA
17,"No","1","male",2,4,1,29.125,"Q","Master",NA,NA
18,"Yes","2","male",32,0,0,13,"S","Mr",NA,NA
19,"No","1","female",31,1,0,18,"S","Mrs",NA,NA
20,"Yes","1","female",36,0,0,7.225,"C","Mrs",NA,NA
21,"No","2","male",35,0,0,26,"S","Mr",NA,NA
22,"Yes","2","male",34,0,0,13,"S","Mr","S","D"
23,"Yes","1","female",15,0,0,8.0292,"Q","Miss",NA,NA
24,"Yes","3","male",28,0,0,35.5,"S","Mr","S","A"
25,"No","1","female",8,3,1,21.075,"S","Miss",NA,NA
26,"Yes","1","female",38,1,5,31.3875,"S","Mrs",NA,NA
27,"No","1","male",32,0,0,7.225,"C","Mr",NA,NA
28,"No","3","male",19,3,2,263,"S","Mr","B","C"
29,"Yes","1","female",22,0,0,7.8792,"Q","Miss",NA,NA
30,"No","1","male",32,0,0,7.8958,"S","Mr",NA,NA
31,"No","3","male",40,0,0,27.7208,"C","Don",NA,NA
32,"Yes","3","female",36,1,0,146.5208,"C","Mrs","S","B"
33,"Yes","1","female",22,0,0,7.75,"Q","Miss",NA,NA
34,"No","2","male",66,0,0,10.5,"S","Mr",NA,NA
35,"No","3","male",28,1,0,82.1708,"C","Mr",NA,NA
36,"No","3","male",42,1,0,52,"S","Mr",NA,NA
37,"Yes","1","male",32,0,0,7.2292,"C","Mr",NA,NA
38,"No","1","male",21,0,0,8.05,"S","Mr",NA,NA
39,"No","1","female",18,2,0,18,"S","Miss",NA,NA
40,"Yes","1","female",14,1,0,11.2417,"C","Miss",NA,NA
41,"No","1","female",40,1,0,9.475,"S","Mrs",NA,NA
42,"No","2","female",27,1,0,21,"S","Mrs",NA,NA
43,"No","1","male",32,0,0,7.8958,"C","Mr",NA,NA
44,"Yes","2","female",3,1,2,41.5792,"C","Miss",NA,NA
45,"Yes","1","female",19,0,0,7.8792,"Q","Miss",NA,NA
46,"No","1","male",32,0,0,8.05,"S","Mr",NA,NA
47,"No","1","male",32,1,0,15.5,"Q","Mr",NA,NA
48,"Yes","1","female",22,0,0,7.75,"Q","Miss",NA,NA
49,"No","1","male",32,2,0,21.6792,"C","Mr",NA,NA
50,"No","1","female",18,1,0,17.8,"S","Mrs",NA,NA
51,"No","1","male",7,4,1,39.6875,"S","Master",NA,NA
52,"No","1","male",21,0,0,7.8,"S","Mr",NA,NA
53,"Yes","3","female",49,1,0,76.7292,"C","Mrs","B","D"
54,"Yes","2","female",29,1,0,26,"S","Mrs",NA,NA
55,"No","3","male",65,0,1,61.9792,"C","Mr","S","B"
56,"Yes","3","male",32,0,0,35.5,"S","Mr","S","C"
57,"Yes","2","female",21,0,0,10.5,"S","Miss",NA,NA
58,"No","1","male",28.5,0,0,7.2292,"C","Mr",NA,NA
59,"Yes","2","female",5,1,2,27.75,"S","Miss",NA,NA
60,"No","1","male",11,5,2,46.9,"S","Master",NA,NA
61,"No","1","male",22,0,0,7.2292,"C","Mr",NA,NA
62,"Yes","3","female",38,0,0,80,NA,"Miss","S","B"
63,"No","3","male",45,1,0,83.475,"S","Mr","B","C"
64,"No","1","male",4,3,2,27.9,"S","Master",NA,NA
65,"No","3","male",32,0,0,27.7208,"C","Mr",NA,NA
66,"Yes","1","male",5,1,1,15.2458,"C","Master",NA,NA
67,"Yes","2","female",29,0,0,10.5,"S","Mrs","B","F"
68,"No","1","male",19,0,0,8.1583,"S","Mr",NA,NA
69,"Yes","1","female",17,4,2,7.925,"S","Miss",NA,NA
70,"No","1","male",26,2,0,8.6625,"S","Mr",NA,NA
71,"No","2","male",32,0,0,10.5,"S","Mr",NA,NA
72,"No","1","female",16,5,2,46.9,"S","Miss",NA,NA
73,"No","2","male",21,0,0,73.5,"S","Mr",NA,NA
74,"No","1","male",26,1,0,14.4542,"C","Mr",NA,NA
75,"Yes","1","male",32,0,0,56.4958,"S","Mr",NA,NA
76,"No","1","male",25,0,0,7.65,"S","Mr","B","F,G"
77,"No","1","male",32,0,0,7.8958,"S","Mr",NA,NA
78,"No","1","male",32,0,0,8.05,"S","Mr",NA,NA
79,"Yes","2","male",0.83,0,2,29,"S","Master",NA,NA
80,"Yes","1","female",30,0,0,12.475,"S","Miss",NA,NA
81,"No","1","male",22,0,0,9,"S","Mr",NA,NA
82,"Yes","1","male",29,0,0,9.5,"S","Mr",NA,NA
83,"Yes","1","female",22,0,0,7.7875,"Q","Miss",NA,NA
84,"No","3","male",28,0,0,47.1,"S","Mr",NA,NA
85,"Yes","2","female",17,0,0,10.5,"S","Miss",NA,NA
86,"Yes","1","female",33,3,0,15.85,"S","Mrs",NA,NA
87,"No","1","male",16,1,3,34.375,"S","Mr",NA,NA
88,"No","1","male",32,0,0,8.05,"S","Mr",NA,NA
89,"Yes","3","female",23,3,2,263,"S","Miss","B","C"
90,"No","1","male",24,0,0,8.05,"S","Mr",NA,NA
91,"No","1","male",29,0,0,8.05,"S","Mr",NA,NA
92,"No","1","male",20,0,0,7.8542,"S","Mr",NA,NA
93,"No","3","male",46,1,0,61.175,"S","Mr","B","E"
94,"No","1","male",26,1,2,20.575,"S","Mr",NA,NA
95,"No","1","male",59,0,0,7.25,"S","Mr",NA,NA
96,"No","1","male",32,0,0,8.05,"S","Mr",NA,NA
97,"No","3","male",71,0,0,34.6542,"C","Mr","B","A"
98,"Yes","3","male",23,0,1,63.3583,"C","Mr","S","D"
99,"Yes","2","female",34,0,1,23,"S","Mrs",NA,NA
100,"No","2","male",34,1,0,26,"S","Mr",NA,NA
101,"No","1","female",28,0,0,7.8958,"S","Miss",NA,NA
102,"No","1","male",32,0,0,7.8958,"S","Mr",NA,NA
103,"No","3","male",21,0,1,77.2875,"S","Mr","S","D"
104,"No","1","male",33,0,0,8.6542,"S","Mr",NA,NA
105,"No","1","male",37,2,0,7.925,"S","Mr",NA,NA
106,"No","1","male",28,0,0,7.8958,"S","Mr",NA,NA
107,"Yes","1","female",21,0,0,7.65,"S","Miss",NA,NA
108,"Yes","1","male",32,0,0,7.775,"S","Mr",NA,NA
109,"No","1","male",38,0,0,7.8958,"S","Mr",NA,NA
110,"Yes","1","female",22,1,0,24.15,"Q","Miss",NA,NA
111,"No","3","male",47,0,0,52,"S","Mr","S","C"
112,"No","1","female",14.5,1,0,14.4542,"C","Miss",NA,NA
113,"No","1","male",22,0,0,8.05,"S","Mr",NA,NA
114,"No","1","female",20,1,0,9.825,"S","Miss",NA,NA
115,"No","1","female",17,0,0,14.4583,"C","Miss",NA,NA
116,"No","1","male",21,0,0,7.925,"S","Mr",NA,NA
117,"No","1","male",70.5,0,0,7.75,"Q","Mr",NA,NA
118,"No","2","male",29,1,0,21,"S","Mr",NA,NA
119,"No","3","male",24,0,1,247.5208,"C","Mr","S","B"
120,"No","1","female",2,4,2,31.275,"S","Miss",NA,NA
121,"No","2","male",21,2,0,73.5,"S","Mr",NA,NA
122,"No","1","male",32,0,0,8.05,"S","Mr",NA,NA
123,"No","2","male",32.5,1,0,30.0708,"C","Mr",NA,NA
124,"Yes","2","female",32.5,0,0,13,"S","Miss","B","E"
125,"No","3","male",54,0,1,77.2875,"S","Mr","S","D"
126,"Yes","1","male",12,1,0,11.2417,"C","Master",NA,NA
127,"No","1","male",32,0,0,7.75,"Q","Mr",NA,NA
128,"Yes","1","male",24,0,0,7.1417,"S","Mr",NA,NA
129,"Yes","1","female",22,1,1,22.3583,"C","Miss","B","F,E"
130,"No","1","male",45,0,0,6.975,"S","Mr",NA,NA
131,"No","1","male",33,0,0,7.8958,"C","Mr",NA,NA
132,"No","1","male",20,0,0,7.05,"S","Mr",NA,NA
133,"No","1","female",47,1,0,14.5,"S","Mrs",NA,NA
134,"Yes","2","female",29,1,0,26,"S","Mrs",NA,NA
135,"No","2","male",25,0,0,13,"S","Mr",NA,NA
136,"No","2","male",23,0,0,15.0458,"C","Mr",NA,NA
137,"Yes","3","female",19,0,2,26.2833,"S","Miss","B","D"
138,"No","3","male",37,1,0,53.1,"S","Mr","B","C"
139,"No","1","male",16,0,0,9.2167,"S","Mr",NA,NA
140,"No","3","male",24,0,0,79.2,"C","Mr","S","B"
141,"No","1","female",36,0,2,15.2458,"C","Mrs",NA,NA
142,"Yes","1","female",22,0,0,7.75,"S","Miss",NA,NA
143,"Yes","1","female",24,1,0,15.85,"S","Mrs",NA,NA
144,"No","1","male",19,0,0,6.75,"Q","Mr",NA,NA
145,"No","2","male",18,0,0,11.5,"S","Mr",NA,NA
146,"No","2","male",19,1,1,36.75,"S","Mr",NA,NA
147,"Yes","1","male",27,0,0,7.7958,"S","Mr",NA,NA
148,"No","1","female",9,2,2,34.375,"S","Miss",NA,NA
149,"No","2","male",36.5,0,2,26,"S","Mr","S","F"
150,"No","2","male",42,0,0,13,"S","Rev",NA,NA
151,"No","2","male",51,0,0,12.525,"S","Rev",NA,NA
152,"Yes","3","female",22,1,0,66.6,"S","Mrs","S","C"
153,"No","1","male",55.5,0,0,8.05,"S","Mr",NA,NA
154,"No","1","male",40.5,0,2,14.5,"S","Mr",NA,NA
155,"No","1","male",32,0,0,7.3125,"S","Mr",NA,NA
156,"No","3","male",51,0,1,61.3792,"C","Mr",NA,NA
157,"Yes","1","female",16,0,0,7.7333,"Q","Miss",NA,NA
158,"No","1","male",30,0,0,8.05,"S","Mr",NA,NA
159,"No","1","male",32,0,0,8.6625,"S","Mr",NA,NA
160,"No","1","male",5,8,2,69.55,"S","Master",NA,NA
161,"No","1","male",44,0,1,16.1,"S","Mr",NA,NA
162,"Yes","2","female",40,0,0,15.75,"S","Mrs",NA,NA
163,"No","1","male",26,0,0,7.775,"S","Mr",NA,NA
164,"No","1","male",17,0,0,8.6625,"S","Mr",NA,NA
165,"No","1","male",1,4,1,39.6875,"S","Master",NA,NA
166,"Yes","1","male",9,0,2,20.525,"S","Master",NA,NA
167,"Yes","3","female",36,0,1,55,"S","Mrs","B","E"
168,"No","1","female",45,1,4,27.9,"S","Mrs",NA,NA
169,"No","3","male",32,0,0,25.925,"S","Mr",NA,NA
170,"No","1","male",28,0,0,56.4958,"S","Mr",NA,NA
171,"No","3","male",61,0,0,33.5,"S","Mr","B","B"
172,"No","1","male",4,4,1,29.125,"Q","Master",NA,NA
173,"Yes","1","female",1,1,1,11.1333,"S","Miss",NA,NA
174,"No","1","male",21,0,0,7.925,"S","Mr",NA,NA
175,"No","3","male",56,0,0,30.6958,"C","Mr","B","A"
176,"No","1","male",18,1,1,7.8542,"S","Mr",NA,NA
177,"No","1","male",5,3,1,25.4667,"S","Master",NA,NA
178,"No","3","female",50,0,0,28.7125,"C","Miss","B","C"
179,"No","2","male",30,0,0,13,"S","Mr",NA,NA
180,"No","1","male",36,0,0,0,"S","Mr",NA,NA
181,"No","1","female",22,8,2,69.55,"S","Miss",NA,NA
182,"No","2","male",32,0,0,15.05,"C","Mr",NA,NA
183,"No","1","male",9,4,2,31.3875,"S","Master",NA,NA
184,"Yes","2","male",1,2,1,39,"S","Master","S","F"
185,"Yes","1","female",4,0,2,22.025,"S","Miss",NA,NA
186,"No","3","male",32,0,0,50,"S","Mr","S","A"
187,"Yes","1","female",36,1,0,15.5,"Q","Mrs",NA,NA
188,"Yes","3","male",45,0,0,26.55,"S","Mr",NA,NA
189,"No","1","male",40,1,1,15.5,"Q","Mr",NA,NA
190,"No","1","male",36,0,0,7.8958,"S","Mr",NA,NA
191,"Yes","2","female",32,0,0,13,"S","Mrs",NA,NA
192,"No","2","male",19,0,0,13,"S","Mr",NA,NA
193,"Yes","1","female",19,1,0,7.8542,"S","Miss",NA,NA
194,"Yes","2","male",3,1,1,26,"S","Master","S","F"
195,"Yes","3","female",44,0,0,27.7208,"C","Mrs","S","B"
196,"Yes","3","female",58,0,0,146.5208,"C","Miss","S","B"
197,"No","1","male",32,0,0,7.75,"Q","Mr",NA,NA
198,"No","1","male",42,0,1,8.4042,"S","Mr",NA,NA
199,"Yes","1","female",22,0,0,7.75,"Q","Miss",NA,NA
200,"No","2","female",24,0,0,13,"S","Miss",NA,NA
201,"No","1","male",28,0,0,9.5,"S","Mr",NA,NA
202,"No","1","male",32,8,2,69.55,"S","Mr",NA,NA
203,"No","1","male",34,0,0,6.4958,"S","Mr",NA,NA
204,"No","1","male",45.5,0,0,7.225,"C","Mr",NA,NA
205,"Yes","1","male",18,0,0,8.05,"S","Mr",NA,NA
206,"No","1","female",2,0,1,10.4625,"S","Miss","S","G"
207,"No","1","male",32,1,0,15.85,"S","Mr",NA,NA
208,"Yes","1","male",26,0,0,18.7875,"C","Mr",NA,NA
209,"Yes","1","female",16,0,0,7.75,"Q","Miss",NA,NA
210,"Yes","3","male",40,0,0,31,"C","Mr","B","A"
211,"No","1","male",24,0,0,7.05,"S","Mr",NA,NA
212,"Yes","2","female",35,0,0,21,"S","Miss",NA,NA
213,"No","1","male",22,0,0,7.25,"S","Mr",NA,NA
214,"No","2","male",30,0,0,13,"S","Mr",NA,NA
215,"No","1","male",32,1,0,7.75,"Q","Mr",NA,NA
216,"Yes","3","female",31,1,0,113.275,"C","Miss","S","D"
217,"Yes","1","female",27,0,0,7.925,"S","Miss",NA,NA
218,"No","2","male",42,1,0,27,"S","Mr",NA,NA
219,"Yes","3","female",32,0,0,76.2917,"C","Miss","B","D"
220,"No","2","male",30,0,0,10.5,"S","Mr",NA,NA
221,"Yes","1","male",16,0,0,8.05,"S","Mr",NA,NA
222,"No","2","male",27,0,0,13,"S","Mr",NA,NA
223,"No","1","male",51,0,0,8.05,"S","Mr",NA,NA
224,"No","1","male",32,0,0,7.8958,"S","Mr",NA,NA
225,"Yes","3","male",38,1,0,90,"S","Mr","B","C"
226,"No","1","male",22,0,0,9.35,"S","Mr",NA,NA
227,"Yes","2","male",19,0,0,10.5,"S","Mr",NA,NA
228,"No","1","male",20.5,0,0,7.25,"S","Mr",NA,NA
229,"No","2","male",18,0,0,13,"S","Mr",NA,NA
230,"No","1","female",22,3,1,25.4667,"S","Miss",NA,NA
231,"Yes","3","female",35,1,0,83.475,"S","Mrs","B","C"
232,"No","1","male",29,0,0,7.775,"S","Mr",NA,NA
233,"No","2","male",59,0,0,13.5,"S","Mr",NA,NA
234,"Yes","1","female",5,4,2,31.3875,"S","Miss",NA,NA
235,"No","2","male",24,0,0,10.5,"S","Mr",NA,NA
236,"No","1","female",22,0,0,7.55,"S","Miss",NA,NA
237,"No","2","male",44,1,0,26,"S","Mr",NA,NA
238,"Yes","2","female",8,0,2,26.25,"S","Miss",NA,NA
239,"No","2","male",19,0,0,10.5,"S","Mr",NA,NA
240,"No","2","male",33,0,0,12.275,"S","Mr",NA,NA
241,"No","1","female",22,1,0,14.4542,"C","Miss",NA,NA
242,"Yes","1","female",22,1,0,15.5,"Q","Miss",NA,NA
243,"No","2","male",29,0,0,10.5,"S","Mr",NA,NA
244,"No","1","male",22,0,0,7.125,"S","Mr",NA,NA
245,"No","1","male",30,0,0,7.225,"C","Mr",NA,NA
246,"No","3","male",44,2,0,90,"Q","Dr","S","C"
247,"No","1","female",25,0,0,7.775,"S","Miss",NA,NA
248,"Yes","2","female",24,0,2,14.5,"S","Mrs",NA,NA
249,"Yes","3","male",37,1,1,52.5542,"S","Mr","B","D"
250,"No","2","male",54,1,0,26,"S","Rev",NA,NA
251,"No","1","male",32,0,0,7.25,"S","Mr",NA,NA
252,"No","1","female",29,1,1,10.4625,"S","Mrs","S","G"
253,"No","3","male",62,0,0,26.55,"S","Mr","B","C"
254,"No","1","male",30,1,0,16.1,"S","Mr",NA,NA
255,"No","1","female",41,0,2,20.2125,"S","Mrs",NA,NA
256,"Yes","1","female",29,0,2,15.2458,"C","Mrs",NA,NA
257,"Yes","3","female",36,0,0,79.2,"C","Mrs",NA,NA
258,"Yes","3","female",30,0,0,86.5,"S","Miss","B","B"
259,"Yes","3","female",35,0,0,512.3292,"C","Miss",NA,NA
260,"Yes","2","female",50,0,1,26,"S","Mrs",NA,NA
261,"No","1","male",32,0,0,7.75,"Q","Mr",NA,NA
262,"Yes","1","male",3,4,2,31.3875,"S","Master",NA,NA
263,"No","3","male",52,1,1,79.65,"S","Mr","B","E"
264,"No","3","male",40,0,0,0,"S","Mr","S","B"
265,"No","1","female",22,0,0,7.75,"Q","Miss",NA,NA
266,"No","2","male",36,0,0,10.5,"S","Mr",NA,NA
267,"No","1","male",16,4,1,39.6875,"S","Mr",NA,NA
268,"Yes","1","male",25,1,0,7.775,"S","Mr",NA,NA
269,"Yes","3","female",58,0,1,153.4625,"S","Mrs","B","C"
270,"Yes","3","female",35,0,0,135.6333,"S","Miss","B","C"
271,"No","3","male",32,0,0,31,"S","Mr",NA,NA
272,"Yes","1","male",25,0,0,0,"S","Mr",NA,NA
273,"Yes","2","female",41,0,1,19.5,"S","Mrs",NA,NA
274,"No","3","male",37,0,1,29.7,"C","Mr","S","C"
275,"Yes","1","female",22,0,0,7.75,"Q","Miss",NA,NA
276,"Yes","3","female",63,1,0,77.9583,"S","Miss","B","D"
277,"No","1","female",45,0,0,7.75,"S","Miss",NA,NA
278,"No","2","male",32,0,0,0,"S","Mr",NA,NA
279,"No","1","male",7,4,1,29.125,"Q","Master",NA,NA
280,"Yes","1","female",35,1,1,20.25,"S","Mrs",NA,NA
281,"No","1","male",65,0,0,7.75,"Q","Mr",NA,NA
282,"No","1","male",28,0,0,7.8542,"S","Mr",NA,NA
283,"No","1","male",16,0,0,9.5,"S","Mr",NA,NA
284,"Yes","1","male",19,0,0,8.05,"S","Mr",NA,NA
285,"No","3","male",32,0,0,26,"S","Mr","B","A"
286,"No","1","male",33,0,0,8.6625,"C","Mr",NA,NA
287,"Yes","1","male",30,0,0,9.5,"S","Mr",NA,NA
288,"No","1","male",22,0,0,7.8958,"S","Mr",NA,NA
289,"Yes","2","male",42,0,0,13,"S","Mr",NA,NA
290,"Yes","1","female",22,0,0,7.75,"Q","Miss",NA,NA
291,"Yes","3","female",26,0,0,78.85,"S","Miss",NA,NA
292,"Yes","3","female",19,1,0,91.0792,"C","Mrs","B","B"
293,"No","2","male",36,0,0,12.875,"C","Mr",NA,"D"
294,"No","1","female",24,0,0,8.85,"S","Miss",NA,NA
295,"No","1","male",24,0,0,7.8958,"S","Mr",NA,NA
296,"No","3","male",32,0,0,27.7208,"C","Mr",NA,NA
297,"No","1","male",23.5,0,0,7.2292,"C","Mr",NA,NA
298,"No","3","female",2,1,2,151.55,"S","Miss","S","C"
299,"Yes","3","male",32,0,0,30.5,"S","Mr","S","C"
300,"Yes","3","female",50,0,1,247.5208,"C","Mrs","S","B"
301,"Yes","1","female",22,0,0,7.75,"Q","Miss",NA,NA
302,"Yes","1","male",32,2,0,23.25,"Q","Mr",NA,NA
303,"No","1","male",19,0,0,0,"S","Mr",NA,NA
304,"Yes","2","female",22,0,0,12.35,"Q","Miss","B","E"
305,"No","1","male",32,0,0,8.05,"S","Mr",NA,NA
306,"Yes","3","male",0.92,1,2,151.55,"S","Master","S","C"
307,"Yes","3","female",22,0,0,110.8833,"C","Miss",NA,NA
308,"Yes","3","female",17,1,0,108.9,"C","Mrs","B","C"
309,"No","2","male",30,1,0,24,"C","Mr",NA,NA
310,"Yes","3","female",30,0,0,56.9292,"C","Miss","S","E"
311,"Yes","3","female",24,0,0,83.1583,"C","Miss","S","C"
312,"Yes","3","female",18,2,2,262.375,"C","Miss","B","B"
313,"No","2","female",26,1,1,26,"S","Mrs",NA,NA
314,"No","1","male",28,0,0,7.8958,"S","Mr",NA,NA
315,"No","2","male",43,1,1,26.25,"S","Mr",NA,NA
316,"Yes","1","female",26,0,0,7.8542,"S","Miss",NA,NA
317,"Yes","2","female",24,1,0,26,"S","Mrs",NA,NA
318,"No","2","male",54,0,0,14,"S","Dr",NA,NA
319,"Yes","3","female",31,0,2,164.8667,"S","Miss","B","C"
320,"Yes","3","female",40,1,1,134.5,"C","Mrs","S","E"
321,"No","1","male",22,0,0,7.25,"S","Mr",NA,NA
322,"No","1","male",27,0,0,7.8958,"S","Mr",NA,NA
323,"Yes","2","female",30,0,0,12.35,"Q","Miss",NA,NA
324,"Yes","2","female",22,1,1,29,"S","Mrs",NA,NA
325,"No","1","male",32,8,2,69.55,"S","Mr",NA,NA
326,"Yes","3","female",36,0,0,135.6333,"C","Miss","S","C"
327,"No","1","male",61,0,0,6.2375,"S","Mr",NA,NA
328,"Yes","2","female",36,0,0,13,"S","Mrs",NA,"D"
329,"Yes","1","female",31,1,1,20.525,"S","Mrs",NA,NA
330,"Yes","3","female",16,0,1,57.9792,"C","Miss","S","B"
331,"Yes","1","female",22,2,0,23.25,"Q","Miss",NA,NA
332,"No","3","male",45.5,0,0,28.5,"S","Mr","S","C"
333,"No","3","male",38,0,1,153.4625,"S","Mr","B","C"
334,"No","1","male",16,2,0,18,"S","Mr",NA,NA
335,"Yes","3","female",36,1,0,133.65,"S","Mrs",NA,NA
336,"No","1","male",32,0,0,7.8958,"S","Mr",NA,NA
337,"No","3","male",29,1,0,66.6,"S","Mr","S","C"
338,"Yes","3","female",41,0,0,134.5,"C","Miss","S","E"
339,"Yes","1","male",45,0,0,8.05,"S","Mr",NA,NA
340,"No","3","male",45,0,0,35.5,"S","Mr",NA,"T"
341,"Yes","2","male",2,1,1,26,"S","Master","S","F"
342,"Yes","3","female",24,3,2,263,"S","Miss","B","C"
343,"No","2","male",28,0,0,13,"S","Mr",NA,NA
344,"No","2","male",25,0,0,13,"S","Mr",NA,NA
345,"No","2","male",36,0,0,13,"S","Mr",NA,NA
346,"Yes","2","female",24,0,0,13,"S","Miss","B","F"
347,"Yes","2","female",40,0,0,13,"S","Miss",NA,NA
348,"Yes","1","female",36,1,0,16.1,"S","Mrs",NA,NA
349,"Yes","1","male",3,1,1,15.9,"S","Master",NA,NA
350,"No","1","male",42,0,0,8.6625,"S","Mr",NA,NA
351,"No","1","male",23,0,0,9.225,"S","Mr",NA,NA
352,"No","3","male",32,0,0,35,"S","Mr","S","C"
353,"No","1","male",15,1,1,7.2292,"C","Mr",NA,NA
354,"No","1","male",25,1,0,17.8,"S","Mr",NA,NA
355,"No","1","male",32,0,0,7.225,"C","Mr",NA,NA
356,"No","1","male",28,0,0,9.5,"S","Mr",NA,NA
357,"Yes","3","female",22,0,1,55,"S","Miss","B","E"
358,"No","2","female",38,0,0,13,"S","Miss",NA,NA
359,"Yes","1","female",22,0,0,7.8792,"Q","Miss",NA,NA
360,"Yes","1","female",22,0,0,7.8792,"Q","Miss",NA,NA
361,"No","1","male",40,1,4,27.9,"S","Mr",NA,NA
362,"No","2","male",29,1,0,27.7208,"C","Mr",NA,NA
363,"No","1","female",45,0,1,14.4542,"C","Mrs",NA,NA
364,"No","1","male",35,0,0,7.05,"S","Mr",NA,NA
365,"No","1","male",32,1,0,15.5,"Q","Mr",NA,NA
366,"No","1","male",30,0,0,7.25,"S","Mr",NA,NA
367,"Yes","3","female",60,1,0,75.25,"C","Mrs","B","D"
368,"Yes","1","female",36,0,0,7.2292,"C","Mrs",NA,NA
369,"Yes","1","female",22,0,0,7.75,"Q","Miss",NA,NA
370,"Yes","3","female",24,0,0,69.3,"C","Mrs","B","B"
371,"Yes","3","male",25,1,0,55.4417,"C","Mr","S","E"
372,"No","1","male",18,1,0,6.4958,"S","Mr",NA,NA
373,"No","1","male",19,0,0,8.05,"S","Mr",NA,NA
374,"No","3","male",22,0,0,135.6333,"C","Mr",NA,NA
375,"No","1","female",3,3,1,21.075,"S","Miss",NA,NA
376,"Yes","3","female",36,1,0,82.1708,"C","Mrs",NA,NA
377,"Yes","1","female",22,0,0,7.25,"S","Miss",NA,NA
378,"No","3","male",27,0,2,211.5,"C","Mr","S","C"
379,"No","1","male",20,0,0,4.0125,"C","Mr",NA,NA
380,"No","1","male",19,0,0,7.775,"S","Mr",NA,NA
381,"Yes","3","female",42,0,0,227.525,"C","Miss",NA,NA
382,"Yes","1","female",1,0,2,15.7417,"C","Miss",NA,NA
383,"No","1","male",32,0,0,7.925,"S","Mr",NA,NA
384,"Yes","3","female",35,1,0,52,"S","Mrs",NA,NA
385,"No","1","male",32,0,0,7.8958,"S","Mr",NA,NA
386,"No","2","male",18,0,0,73.5,"S","Mr",NA,NA
387,"No","1","male",1,5,2,46.9,"S","Master",NA,NA
388,"Yes","2","female",36,0,0,13,"S","Miss",NA,NA
389,"No","1","male",32,0,0,7.7292,"Q","Mr",NA,NA
390,"Yes","2","female",17,0,0,12,"C","Miss",NA,NA
391,"Yes","3","male",36,1,2,120,"S","Mr","S","B"
392,"Yes","1","male",21,0,0,7.7958,"S","Mr",NA,NA
393,"No","1","male",28,2,0,7.925,"S","Mr",NA,NA
394,"Yes","3","female",23,1,0,113.275,"C","Miss","S","D"
395,"Yes","1","female",24,0,2,16.7,"S","Mrs","S","G"
396,"No","1","male",22,0,0,7.7958,"S","Mr",NA,NA
397,"No","1","female",31,0,0,7.8542,"S","Miss",NA,NA
398,"No","2","male",46,0,0,26,"S","Mr",NA,NA
399,"No","2","male",23,0,0,10.5,"S","Dr",NA,NA
400,"Yes","2","female",28,0,0,12.65,"S","Mrs",NA,NA
401,"Yes","1","male",39,0,0,7.925,"S","Mr",NA,NA
402,"No","1","male",26,0,0,8.05,"S","Mr",NA,NA
403,"No","1","female",21,1,0,9.825,"S","Miss",NA,NA
404,"No","1","male",28,1,0,15.85,"S","Mr",NA,NA
405,"No","1","female",20,0,0,8.6625,"S","Miss",NA,NA
406,"No","2","male",34,1,0,21,"S","Mr",NA,NA
407,"No","1","male",51,0,0,7.75,"S","Mr",NA,NA
408,"Yes","2","male",3,1,1,18.75,"S","Master",NA,NA
409,"No","1","male",21,0,0,7.775,"S","Mr",NA,NA
410,"No","1","female",22,3,1,25.4667,"S","Miss",NA,NA
411,"No","1","male",32,0,0,7.8958,"S","Mr",NA,NA
412,"No","1","male",32,0,0,6.8583,"Q","Mr",NA,NA
413,"Yes","3","female",33,1,0,90,"Q","Miss","S","C"
414,"No","2","male",32,0,0,0,"S","Mr",NA,NA
415,"Yes","1","male",44,0,0,7.925,"S","Mr",NA,NA
416,"No","1","female",36,0,0,8.05,"S","Mrs",NA,NA
417,"Yes","2","female",34,1,1,32.5,"S","Mrs",NA,NA
418,"Yes","2","female",18,0,2,13,"S","Miss",NA,NA
419,"No","2","male",30,0,0,13,"S","Mr",NA,NA
420,"No","1","female",10,0,2,24.15,"S","Miss",NA,NA
421,"No","1","male",32,0,0,7.8958,"C","Mr",NA,NA
422,"No","1","male",21,0,0,7.7333,"Q","Mr",NA,NA
423,"No","1","male",29,0,0,7.875,"S","Mr",NA,NA
424,"No","1","female",28,1,1,14.4,"S","Mrs",NA,NA
425,"No","1","male",18,1,1,20.2125,"S","Mr",NA,NA
426,"No","1","male",32,0,0,7.25,"S","Mr",NA,NA
427,"Yes","2","female",28,1,0,26,"S","Mrs",NA,NA
428,"Yes","2","female",19,0,0,26,"S","Miss",NA,NA
429,"No","1","male",32,0,0,7.75,"Q","Mr",NA,NA
430,"Yes","1","male",32,0,0,8.05,"S","Mr","S","E"
431,"Yes","3","male",28,0,0,26.55,"S","Mr","S","C"
432,"Yes","1","female",36,1,0,16.1,"S","Mrs",NA,NA
433,"Yes","2","female",42,1,0,26,"S","Mrs",NA,NA
434,"No","1","male",17,0,0,7.125,"S","Mr",NA,NA
435,"No","3","male",50,1,0,55.9,"S","Mr","S","E"
436,"Yes","3","female",14,1,2,120,"S","Miss","S","B"
437,"No","1","female",21,2,2,34.375,"S","Miss",NA,NA
438,"Yes","2","female",24,2,3,18.75,"S","Mrs",NA,NA
439,"No","3","male",64,1,4,263,"S","Mr","B","C"
440,"No","2","male",31,0,0,10.5,"S","Mr",NA,NA
441,"Yes","2","female",45,1,1,26.25,"S","Mrs",NA,NA
442,"No","1","male",20,0,0,9.5,"S","Mr",NA,NA
443,"No","1","male",25,1,0,7.775,"S","Mr",NA,NA
444,"Yes","2","female",28,0,0,13,"S","Miss",NA,NA
445,"Yes","1","male",32,0,0,8.1125,"S","Mr",NA,NA
446,"Yes","3","male",4,0,2,81.8583,"S","Master","S","A"
447,"Yes","2","female",13,0,1,19.5,"S","Miss",NA,NA
448,"Yes","3","male",34,0,0,26.55,"S","Mr",NA,NA
449,"Yes","1","female",5,2,1,19.2583,"C","Miss",NA,NA
450,"Yes","3","male",52,0,0,30.5,"S","Major","S","C"
451,"No","2","male",36,1,2,27.75,"S","Mr",NA,NA
452,"No","1","male",32,1,0,19.9667,"S","Mr",NA,NA
453,"No","3","male",30,0,0,27.75,"C","Mr","B","C"
454,"Yes","3","male",49,1,0,89.1042,"C","Mr","S","C"
455,"No","1","male",32,0,0,8.05,"S","Mr",NA,NA
456,"Yes","1","male",29,0,0,7.8958,"C","Mr",NA,NA
457,"No","3","male",65,0,0,26.55,"S","Mr","S","E"
458,"Yes","3","female",36,1,0,51.8625,"S","Mrs","B","D"
459,"Yes","2","female",50,0,0,10.5,"S","Miss",NA,NA
460,"No","1","male",32,0,0,7.75,"Q","Mr",NA,NA
461,"Yes","3","male",48,0,0,26.55,"S","Mr","S","E"
462,"No","1","male",34,0,0,8.05,"S","Mr",NA,NA
463,"No","3","male",47,0,0,38.5,"S","Mr","B","E"
464,"No","2","male",48,0,0,13,"S","Mr",NA,NA
465,"No","1","male",32,0,0,8.05,"S","Mr",NA,NA
466,"No","1","male",38,0,0,7.05,"S","Mr",NA,NA
467,"No","2","male",32,0,0,0,"S","Mr",NA,NA
468,"No","3","male",56,0,0,26.55,"S","Mr",NA,NA
469,"No","1","male",32,0,0,7.725,"Q","Mr",NA,NA
470,"Yes","1","female",0.75,2,1,19.2583,"C","Miss",NA,NA
471,"No","1","male",32,0,0,7.25,"S","Mr",NA,NA
472,"No","1","male",38,0,0,8.6625,"S","Mr",NA,NA
473,"Yes","2","female",33,1,2,27.75,"S","Mrs",NA,NA
474,"Yes","2","female",23,0,0,13.7917,"C","Mrs",NA,"D"
475,"No","1","female",22,0,0,9.8375,"S","Miss",NA,NA
476,"No","3","male",32,0,0,52,"S","Mr","S","A"
477,"No","2","male",34,1,0,21,"S","Mr",NA,NA
478,"No","1","male",29,1,0,7.0458,"S","Mr",NA,NA
479,"No","1","male",22,0,0,7.5208,"S","Mr",NA,NA
480,"Yes","1","female",2,0,1,12.2875,"S","Miss",NA,NA
481,"No","1","male",9,5,2,46.9,"S","Master",NA,NA
482,"No","2","male",32,0,0,0,"S","Mr",NA,NA
483,"No","1","male",50,0,0,8.05,"S","Mr",NA,NA
484,"Yes","1","female",63,0,0,9.5875,"S","Mrs",NA,NA
485,"Yes","3","male",25,1,0,91.0792,"C","Mr","B","B"
486,"No","1","female",22,3,1,25.4667,"S","Miss",NA,NA
487,"Yes","3","female",35,1,0,90,"S","Mrs","B","C"
488,"No","3","male",58,0,0,29.7,"C","Mr","B","B"
489,"No","1","male",30,0,0,8.05,"S","Mr",NA,NA
490,"Yes","1","male",9,1,1,15.9,"S","Master",NA,NA
491,"No","1","male",32,1,0,19.9667,"S","Mr",NA,NA
492,"No","1","male",21,0,0,7.25,"S","Mr",NA,NA
493,"No","3","male",55,0,0,30.5,"S","Mr","S","C"
494,"No","3","male",71,0,0,49.5042,"C","Mr",NA,NA
495,"No","1","male",21,0,0,8.05,"S","Mr",NA,NA
496,"No","1","male",32,0,0,14.4583,"C","Mr",NA,NA
497,"Yes","3","female",54,1,0,78.2667,"C","Miss","S","D"
498,"No","1","male",32,0,0,15.1,"S","Mr",NA,NA
499,"No","3","female",25,1,2,151.55,"S","Mrs","S","C"
500,"No","1","male",24,0,0,7.7958,"S","Mr",NA,NA
501,"No","1","male",17,0,0,8.6625,"S","Mr",NA,NA
502,"No","1","female",21,0,0,7.75,"Q","Miss",NA,NA
503,"No","1","female",22,0,0,7.6292,"Q","Miss",NA,NA
504,"No","1","female",37,0,0,9.5875,"S","Miss",NA,NA
505,"Yes","3","female",16,0,0,86.5,"S","Miss","B","B"
506,"No","3","male",18,1,0,108.9,"C","Mr","B","C"
507,"Yes","2","female",33,0,2,26,"S","Mrs",NA,NA
508,"Yes","3","male",32,0,0,26.55,"S","Mr",NA,NA
509,"No","1","male",28,0,0,22.525,"S","Mr",NA,NA
510,"Yes","1","male",26,0,0,56.4958,"S","Mr",NA,NA
511,"Yes","1","male",29,0,0,7.75,"Q","Mr",NA,NA
512,"No","1","male",32,0,0,8.05,"S","Mr",NA,NA
513,"Yes","3","male",36,0,0,26.2875,"S","Mr","B","E"
514,"Yes","3","female",54,1,0,59.4,"C","Mrs",NA,NA
515,"No","1","male",24,0,0,7.4958,"S","Mr",NA,NA
516,"No","3","male",47,0,0,34.0208,"S","Mr","S","D"
517,"Yes","2","female",34,0,0,10.5,"S","Mrs","B","F"
518,"No","1","male",32,0,0,24.15,"Q","Mr",NA,NA
519,"Yes","2","female",36,1,0,26,"S","Mrs",NA,NA
520,"No","1","male",32,0,0,7.8958,"S","Mr",NA,NA
521,"Yes","3","female",30,0,0,93.5,"S","Miss","B","B"
522,"No","1","male",22,0,0,7.8958,"S","Mr",NA,NA
523,"No","1","male",32,0,0,7.225,"C","Mr",NA,NA
524,"Yes","3","female",44,0,1,57.9792,"C","Mrs","S","B"
525,"No","1","male",32,0,0,7.2292,"C","Mr",NA,NA
526,"No","1","male",40.5,0,0,7.75,"Q","Mr",NA,NA
527,"Yes","2","female",50,0,0,10.5,"S","Miss",NA,NA
528,"No","3","male",32,0,0,221.7792,"S","Mr","B","C"
529,"No","1","male",39,0,0,7.925,"S","Mr",NA,NA
530,"No","2","male",23,2,1,11.5,"S","Mr",NA,NA
531,"Yes","2","female",2,1,1,26,"S","Miss",NA,NA
532,"No","1","male",32,0,0,7.2292,"C","Mr",NA,NA
533,"No","1","male",17,1,1,7.2292,"C","Mr",NA,NA
534,"Yes","1","female",36,0,2,22.3583,"C","Mrs",NA,NA
535,"No","1","female",30,0,0,8.6625,"S","Miss",NA,NA
536,"Yes","2","female",7,0,2,26.25,"S","Miss",NA,NA
537,"No","3","male",45,0,0,26.55,"S","Major","S","B"
538,"Yes","3","female",30,0,0,106.425,"C","Miss",NA,NA
539,"No","1","male",32,0,0,14.5,"S","Mr",NA,NA
540,"Yes","3","female",22,0,2,49.5,"C","Miss","B","B"
541,"Yes","3","female",36,0,2,71,"S","Miss","S","B"
542,"No","1","female",9,4,2,31.275,"S","Miss",NA,NA
543,"No","1","female",11,4,2,31.275,"S","Miss",NA,NA
544,"Yes","2","male",32,1,0,26,"S","Mr",NA,NA
545,"No","3","male",50,1,0,106.425,"C","Mr","S","C"
546,"No","3","male",64,0,0,26,"S","Mr",NA,NA
547,"Yes","2","female",19,1,0,26,"S","Mrs",NA,NA
548,"Yes","2","male",32,0,0,13.8625,"C","Mr",NA,NA
549,"No","1","male",33,1,1,20.525,"S","Mr",NA,NA
550,"Yes","2","male",8,1,1,36.75,"S","Master",NA,NA
551,"Yes","3","male",17,0,2,110.8833,"C","Mr","S","C"
552,"No","2","male",27,0,0,26,"S","Mr",NA,NA
553,"No","1","male",32,0,0,7.8292,"Q","Mr",NA,NA
554,"Yes","1","male",22,0,0,7.225,"C","Mr",NA,NA
555,"Yes","1","female",22,0,0,7.775,"S","Miss",NA,NA
556,"No","3","male",62,0,0,26.55,"S","Mr",NA,NA
557,"Yes","3","female",48,1,0,39.6,"C","Lady","S","A"
558,"No","3","male",32,0,0,227.525,"C","Mr",NA,NA
559,"Yes","3","female",39,1,1,79.65,"S","Mrs","B","E"
560,"Yes","1","female",36,1,0,17.4,"S","Mrs",NA,NA
561,"No","1","male",32,0,0,7.75,"Q","Mr",NA,NA
562,"No","1","male",40,0,0,7.8958,"S","Mr",NA,NA
563,"No","2","male",28,0,0,13.5,"S","Mr",NA,NA
564,"No","1","male",32,0,0,8.05,"S","Mr",NA,NA
565,"No","1","female",22,0,0,8.05,"S","Miss",NA,NA
566,"No","1","male",24,2,0,24.15,"S","Mr",NA,NA
567,"No","1","male",19,0,0,7.8958,"S","Mr",NA,NA
568,"No","1","female",29,0,4,21.075,"S","Mrs",NA,NA
569,"No","1","male",32,0,0,7.2292,"C","Mr",NA,NA
570,"Yes","1","male",32,0,0,7.8542,"S","Mr",NA,NA
571,"Yes","2","male",62,0,0,10.5,"S","Mr",NA,NA
572,"Yes","3","female",53,2,0,51.4792,"S","Mrs","B","C"
573,"Yes","3","male",36,0,0,26.3875,"S","Mr","B","E"
574,"Yes","1","female",22,0,0,7.75,"Q","Miss",NA,NA
575,"No","1","male",16,0,0,8.05,"S","Mr",NA,NA
576,"No","1","male",19,0,0,14.5,"S","Mr",NA,NA
577,"Yes","2","female",34,0,0,13,"S","Miss",NA,NA
578,"Yes","3","female",39,1,0,55.9,"S","Mrs","S","E"
579,"No","1","female",36,1,0,14.4583,"C","Mrs",NA,NA
580,"Yes","1","male",32,0,0,7.925,"S","Mr",NA,NA
581,"Yes","2","female",25,1,1,30,"S","Miss",NA,NA
582,"Yes","3","female",39,1,1,110.8833,"C","Mrs","S","C"
583,"No","2","male",54,0,0,26,"S","Mr",NA,NA
584,"No","3","male",36,0,0,40.125,"C","Mr","S","A"
585,"No","1","male",32,0,0,8.7125,"C","Mr",NA,NA
586,"Yes","3","female",18,0,2,79.65,"S","Miss","S","E"
587,"No","2","male",47,0,0,15,"S","Mr",NA,NA
588,"Yes","3","male",60,1,1,79.2,"C","Mr","B","B"
589,"No","1","male",22,0,0,8.05,"S","Mr",NA,NA
590,"No","1","male",32,0,0,8.05,"S","Mr",NA,NA
591,"No","1","male",35,0,0,7.125,"S","Mr",NA,NA
592,"Yes","3","female",52,1,0,78.2667,"C","Mrs","S","D"
593,"No","1","male",47,0,0,7.25,"S","Mr",NA,NA
594,"No","1","female",22,0,2,7.75,"Q","Miss",NA,NA
595,"No","2","male",37,1,0,26,"S","Mr",NA,NA
596,"No","1","male",36,1,1,24.15,"S","Mr",NA,NA
597,"Yes","2","female",22,0,0,33,"S","Miss",NA,NA
598,"No","1","male",49,0,0,0,"S","Mr",NA,NA
599,"No","1","male",32,0,0,7.225,"C","Mr",NA,NA
600,"Yes","3","male",49,1,0,56.9292,"C","Sir","S","A"
601,"Yes","2","female",24,2,1,27,"S","Mrs",NA,NA
602,"No","1","male",32,0,0,7.8958,"S","Mr",NA,NA
603,"No","3","male",32,0,0,42.4,"S","Mr",NA,NA
604,"No","1","male",44,0,0,8.05,"S","Mr",NA,NA
605,"Yes","3","male",35,0,0,26.55,"C","Mr",NA,NA
606,"No","1","male",36,1,0,15.55,"S","Mr",NA,NA
607,"No","1","male",30,0,0,7.8958,"S","Mr",NA,NA
608,"Yes","3","male",27,0,0,30.5,"S","Mr",NA,NA
609,"Yes","2","female",22,1,2,41.5792,"C","Mrs",NA,NA
610,"Yes","3","female",40,0,0,153.4625,"S","Miss","B","C"
611,"No","1","female",39,1,5,31.275,"S","Mrs",NA,NA
612,"No","1","male",32,0,0,7.05,"S","Mr",NA,NA
613,"Yes","1","female",22,1,0,15.5,"Q","Miss",NA,NA
614,"No","1","male",32,0,0,7.75,"Q","Mr",NA,NA
615,"No","1","male",35,0,0,8.05,"S","Mr",NA,NA
616,"Yes","2","female",24,1,2,65,"S","Miss",NA,NA
617,"No","1","male",34,1,1,14.4,"S","Mr",NA,NA
618,"No","1","female",26,1,0,16.1,"S","Mrs",NA,NA
619,"Yes","2","female",4,2,1,39,"S","Miss","S","F"
620,"No","2","male",26,0,0,10.5,"S","Mr",NA,NA
621,"No","1","male",27,1,0,14.4542,"C","Mr",NA,NA
622,"Yes","3","male",42,1,0,52.5542,"S","Mr","B","D"
623,"Yes","1","male",20,1,1,15.7417,"C","Mr",NA,NA
624,"No","1","male",21,0,0,7.8542,"S","Mr",NA,NA
625,"No","1","male",21,0,0,16.1,"S","Mr",NA,NA
626,"No","3","male",61,0,0,32.3208,"S","Mr","S","D"
627,"No","2","male",57,0,0,12.35,"Q","Rev",NA,NA
628,"Yes","3","female",21,0,0,77.9583,"S","Miss","B","D"
629,"No","1","male",26,0,0,7.8958,"S","Mr",NA,NA
630,"No","1","male",32,0,0,7.7333,"Q","Mr",NA,NA
631,"Yes","3","male",80,0,0,30,"S","Mr","B","A"
632,"No","1","male",51,0,0,7.0542,"S","Mr",NA,NA
633,"Yes","3","male",32,0,0,30.5,"C","Dr","S","B"
634,"No","3","male",32,0,0,0,"S","Mr",NA,NA
635,"No","1","female",9,3,2,27.9,"S","Miss",NA,NA
636,"Yes","2","female",28,0,0,13,"S","Miss",NA,NA
637,"No","1","male",32,0,0,7.925,"S","Mr",NA,NA
638,"No","2","male",31,1,1,26.25,"S","Mr",NA,NA
639,"No","1","female",41,0,5,39.6875,"S","Mrs",NA,NA
640,"No","1","male",32,1,0,16.1,"S","Mr",NA,NA
641,"No","1","male",20,0,0,7.8542,"S","Mr",NA,NA
642,"Yes","3","female",24,0,0,69.3,"C","Miss","B","B"
643,"No","1","female",2,3,2,27.9,"S","Miss",NA,NA
644,"Yes","1","male",32,0,0,56.4958,"S","Mr",NA,NA
645,"Yes","1","female",0.75,2,1,19.2583,"C","Miss",NA,NA
646,"Yes","3","male",48,1,0,76.7292,"C","Mr","B","D"
647,"No","1","male",19,0,0,7.8958,"S","Mr",NA,NA
648,"Yes","3","male",56,0,0,35.5,"C","Col","S","A"
649,"No","1","male",32,0,0,7.55,"S","Mr",NA,NA
650,"Yes","1","female",23,0,0,7.55,"S","Miss",NA,NA
651,"No","1","male",32,0,0,7.8958,"S","Mr",NA,NA
652,"Yes","2","female",18,0,1,23,"S","Miss",NA,NA
653,"No","1","male",21,0,0,8.4333,"S","Mr",NA,NA
654,"Yes","1","female",22,0,0,7.8292,"Q","Miss",NA,NA
655,"No","1","female",18,0,0,6.75,"Q","Miss",NA,NA
656,"No","2","male",24,2,0,73.5,"S","Mr",NA,NA
657,"No","1","male",32,0,0,7.8958,"S","Mr",NA,NA
658,"No","1","female",32,1,1,15.5,"Q","Mrs",NA,NA
659,"No","2","male",23,0,0,13,"S","Mr",NA,NA
660,"No","3","male",58,0,2,113.275,"C","Mr","S","D"
661,"Yes","3","male",50,2,0,133.65,"S","Dr",NA,NA
662,"No","1","male",40,0,0,7.225,"C","Mr",NA,NA
663,"No","3","male",47,0,0,25.5875,"S","Mr","S","E"
664,"No","1","male",36,0,0,7.4958,"S","Mr",NA,NA
665,"Yes","1","male",20,1,0,7.925,"S","Mr",NA,NA
666,"No","2","male",32,2,0,73.5,"S","Mr",NA,NA
667,"No","2","male",25,0,0,13,"S","Mr",NA,NA
668,"No","1","male",32,0,0,7.775,"S","Mr",NA,NA
669,"No","1","male",43,0,0,8.05,"S","Mr",NA,NA
670,"Yes","3","female",36,1,0,52,"S","Mrs","S","C"
671,"Yes","2","female",40,1,1,39,"S","Mrs",NA,NA
672,"No","3","male",31,1,0,52,"S","Mr","B","B"
673,"No","2","male",70,0,0,10.5,"S","Mr",NA,NA
674,"Yes","2","male",31,0,0,13,"S","Mr",NA,NA
675,"No","2","male",32,0,0,0,"S","Mr",NA,NA
676,"No","1","male",18,0,0,7.775,"S","Mr",NA,NA
677,"No","1","male",24.5,0,0,8.05,"S","Mr",NA,NA
678,"Yes","1","female",18,0,0,9.8417,"S","Miss",NA,NA
679,"No","1","female",43,1,6,46.9,"S","Mrs",NA,NA
680,"Yes","3","male",36,0,1,512.3292,"C","Mr","B","B"
681,"No","1","female",22,0,0,8.1375,"Q","Miss",NA,NA
682,"Yes","3","male",27,0,0,76.7292,"C","Mr","B","D"
683,"No","1","male",20,0,0,9.225,"S","Mr",NA,NA
684,"No","1","male",14,5,2,46.9,"S","Mr",NA,NA
685,"No","2","male",60,1,1,39,"S","Mr",NA,NA
686,"No","2","male",25,1,2,41.5792,"C","Mr",NA,NA
687,"No","1","male",14,4,1,39.6875,"S","Mr",NA,NA
688,"No","1","male",19,0,0,10.1708,"S","Mr",NA,NA
689,"No","1","male",18,0,0,7.7958,"S","Mr",NA,NA
690,"Yes","3","female",15,0,1,211.3375,"S","Miss","B","B"
691,"Yes","3","male",31,1,0,57,"S","Mr","S","B"
692,"Yes","1","female",4,0,1,13.4167,"C","Miss",NA,NA
693,"Yes","1","male",32,0,0,56.4958,"S","Mr",NA,NA
694,"No","1","male",25,0,0,7.225,"C","Mr",NA,NA
695,"No","3","male",60,0,0,26.55,"S","Col",NA,NA
696,"No","2","male",52,0,0,13.5,"S","Mr",NA,NA
697,"No","1","male",44,0,0,8.05,"S","Mr",NA,NA
698,"Yes","1","female",22,0,0,7.7333,"Q","Miss",NA,NA
699,"No","3","male",49,1,1,110.8833,"C","Mr","S","C"
700,"No","1","male",42,0,0,7.65,"S","Mr","B","F,G"
701,"Yes","3","female",18,1,0,227.525,"C","Mrs","S","C"
702,"Yes","3","male",35,0,0,26.2875,"S","Mr","S","E"
703,"No","1","female",18,0,1,14.4542,"C","Miss",NA,NA
704,"No","1","male",25,0,0,7.7417,"Q","Mr",NA,NA
705,"No","1","male",26,1,0,7.8542,"S","Mr",NA,NA
706,"No","2","male",39,0,0,26,"S","Mr",NA,NA
707,"Yes","2","female",45,0,0,13.5,"S","Mrs",NA,NA
708,"Yes","3","male",42,0,0,26.2875,"S","Mr","S","E"
709,"Yes","3","female",22,0,0,151.55,"S","Miss",NA,NA
710,"Yes","1","male",5,1,1,15.2458,"C","Master",NA,NA
711,"Yes","3","female",24,0,0,49.5042,"C","Miss","S","C"
712,"No","3","male",32,0,0,26.55,"S","Mr","S","C"
713,"Yes","3","male",48,1,0,52,"S","Mr","S","C"
714,"No","1","male",29,0,0,9.4833,"S","Mr",NA,NA
715,"No","2","male",52,0,0,13,"S","Mr",NA,NA
716,"No","1","male",19,0,0,7.65,"S","Mr","B","F,G"
717,"Yes","3","female",38,0,0,227.525,"C","Miss","B","C"
718,"Yes","2","female",27,0,0,10.5,"S","Miss","B","E"
719,"No","1","male",32,0,0,15.5,"Q","Mr",NA,NA
720,"No","1","male",33,0,0,7.775,"S","Mr",NA,NA
721,"Yes","2","female",6,0,1,33,"S","Miss",NA,NA
722,"No","1","male",17,1,0,7.0542,"S","Mr",NA,NA
723,"No","2","male",34,0,0,13,"S","Mr",NA,NA
724,"No","2","male",50,0,0,13,"S","Mr",NA,NA
725,"Yes","3","male",27,1,0,53.1,"S","Mr","S","E"
726,"No","1","male",20,0,0,8.6625,"S","Mr",NA,NA
727,"Yes","2","female",30,3,0,21,"S","Mrs",NA,NA
728,"Yes","1","female",22,0,0,7.7375,"Q","Miss",NA,NA
729,"No","2","male",25,1,0,26,"S","Mr",NA,NA
730,"No","1","female",25,1,0,7.925,"S","Miss",NA,NA
731,"Yes","3","female",29,0,0,211.3375,"S","Miss","B","B"
732,"No","1","male",11,0,0,18.7875,"C","Mr",NA,NA
733,"No","2","male",32,0,0,0,"S","Mr",NA,NA
734,"No","2","male",23,0,0,13,"S","Mr",NA,NA
735,"No","2","male",23,0,0,13,"S","Mr",NA,NA
736,"No","1","male",28.5,0,0,16.1,"S","Mr",NA,NA
737,"No","1","female",48,1,3,34.375,"S","Mrs",NA,NA
738,"Yes","3","male",35,0,0,512.3292,"C","Mr","B","B"
739,"No","1","male",32,0,0,7.8958,"S","Mr",NA,NA
740,"No","1","male",32,0,0,7.8958,"S","Mr",NA,NA
741,"Yes","3","male",32,0,0,30,"S","Mr","B","D"
742,"No","3","male",36,1,0,78.85,"S","Mr","S","C"
743,"Yes","3","female",21,2,2,262.375,"C","Miss","B","B"
744,"No","1","male",24,1,0,16.1,"S","Mr",NA,NA
745,"Yes","1","male",31,0,0,7.925,"S","Mr",NA,NA
746,"No","3","male",70,1,1,71,"S","Capt","S","B"
747,"No","1","male",16,1,1,20.25,"S","Mr",NA,NA
748,"Yes","2","female",30,0,0,13,"S","Miss",NA,NA
749,"No","3","male",19,1,0,53.1,"S","Mr","S","D"
750,"No","1","male",31,0,0,7.75,"Q","Mr",NA,NA
751,"Yes","2","female",4,1,1,23,"S","Miss",NA,NA
752,"Yes","1","male",6,0,1,12.475,"S","Master","B","E"
753,"No","1","male",33,0,0,9.5,"S","Mr",NA,NA
754,"No","1","male",23,0,0,7.8958,"S","Mr",NA,NA
755,"Yes","2","female",48,1,2,65,"S","Mrs",NA,NA
756,"Yes","2","male",0.67,1,1,14.5,"S","Master",NA,NA
757,"No","1","male",28,0,0,7.7958,"S","Mr",NA,NA
758,"No","2","male",18,0,0,11.5,"S","Mr",NA,NA
759,"No","1","male",34,0,0,8.05,"S","Mr",NA,NA
760,"Yes","3","female",33,0,0,86.5,"S","the Countess","B","B"
761,"No","1","male",32,0,0,14.5,"S","Mr",NA,NA
762,"No","1","male",41,0,0,7.125,"S","Mr",NA,NA
763,"Yes","1","male",20,0,0,7.2292,"C","Mr",NA,NA
764,"Yes","3","female",36,1,2,120,"S","Mrs","S","B"
765,"No","1","male",16,0,0,7.775,"S","Mr",NA,NA
766,"Yes","3","female",51,1,0,77.9583,"S","Mrs","B","D"
767,"No","3","male",42,0,0,39.6,"C","Dr",NA,NA
768,"No","1","female",30.5,0,0,7.75,"Q","Miss",NA,NA
769,"No","1","male",32,1,0,24.15,"Q","Mr",NA,NA
770,"No","1","male",32,0,0,8.3625,"S","Mr",NA,NA
771,"No","1","male",24,0,0,9.5,"S","Mr",NA,NA
772,"No","1","male",48,0,0,7.8542,"S","Mr",NA,NA
773,"No","2","female",57,0,0,10.5,"S","Mrs","B","E"
774,"No","1","male",32,0,0,7.225,"C","Mr",NA,NA
775,"Yes","2","female",54,1,3,23,"S","Mrs",NA,NA
776,"No","1","male",18,0,0,7.75,"S","Mr",NA,NA
777,"No","1","male",32,0,0,7.75,"Q","Mr","S","F"
778,"Yes","1","female",5,0,0,12.475,"S","Miss",NA,NA
779,"No","1","male",32,0,0,7.7375,"Q","Mr",NA,NA
780,"Yes","3","female",43,0,1,211.3375,"S","Mrs","B","B"
781,"Yes","1","female",13,0,0,7.2292,"C","Miss",NA,NA
782,"Yes","3","female",17,1,0,57,"S","Mrs","S","B"
783,"No","3","male",29,0,0,30,"S","Mr","S","D"
784,"No","1","male",32,1,2,23.45,"S","Mr",NA,NA
785,"No","1","male",25,0,0,7.05,"S","Mr",NA,NA
786,"No","1","male",25,0,0,7.25,"S","Mr",NA,NA
787,"Yes","1","female",18,0,0,7.4958,"S","Miss",NA,NA
788,"No","1","male",8,4,1,29.125,"Q","Master",NA,NA
789,"Yes","1","male",1,1,2,20.575,"S","Master",NA,NA
790,"No","3","male",46,0,0,79.2,"C","Mr","S","B"
791,"No","1","male",32,0,0,7.75,"Q","Mr",NA,NA
792,"No","2","male",16,0,0,26,"S","Mr",NA,NA
793,"No","1","female",22,8,2,69.55,"S","Miss",NA,NA
794,"No","3","male",32,0,0,30.6958,"C","Mr",NA,NA
795,"No","1","male",25,0,0,7.8958,"S","Mr",NA,NA
796,"No","2","male",39,0,0,13,"S","Mr",NA,NA
797,"Yes","3","female",49,0,0,25.9292,"S","Dr","B","D"
798,"Yes","1","female",31,0,0,8.6833,"S","Mrs",NA,NA
799,"No","1","male",30,0,0,7.2292,"C","Mr",NA,NA
800,"No","1","female",30,1,1,24.15,"S","Mrs",NA,NA
801,"No","2","male",34,0,0,13,"S","Mr",NA,NA
802,"Yes","2","female",31,1,1,26.25,"S","Mrs",NA,NA
803,"Yes","3","male",11,1,2,120,"S","Master","S","B"
804,"Yes","1","male",0.42,0,1,8.5167,"C","Master",NA,NA
805,"Yes","1","male",27,0,0,6.975,"S","Mr",NA,NA
806,"No","1","male",31,0,0,7.775,"S","Mr",NA,NA
807,"No","3","male",39,0,0,0,"S","Mr","S","A"
808,"No","1","female",18,0,0,7.775,"S","Miss",NA,NA
809,"No","2","male",39,0,0,13,"S","Mr",NA,NA
810,"Yes","3","female",33,1,0,53.1,"S","Mrs","S","E"
811,"No","1","male",26,0,0,7.8875,"S","Mr",NA,NA
812,"No","1","male",39,0,0,24.15,"S","Mr",NA,NA
813,"No","2","male",35,0,0,10.5,"S","Mr",NA,NA
814,"No","1","female",6,4,2,31.275,"S","Miss",NA,NA
815,"No","1","male",30.5,0,0,8.05,"S","Mr",NA,NA
816,"No","3","male",32,0,0,0,"S","Mr","S","B"
817,"No","1","female",23,0,0,7.925,"S","Miss",NA,NA
818,"No","2","male",31,1,1,37.0042,"C","Mr",NA,NA
819,"No","1","male",43,0,0,6.45,"S","Mr",NA,NA
820,"No","1","male",10,3,2,27.9,"S","Master",NA,NA
821,"Yes","3","female",52,1,1,93.5,"S","Mrs","B","B"
822,"Yes","1","male",27,0,0,8.6625,"S","Mr",NA,NA
823,"No","3","male",38,0,0,0,"S","Jonkheer",NA,NA
824,"Yes","1","female",27,0,1,12.475,"S","Mrs","B","E"
825,"No","1","male",2,4,1,39.6875,"S","Master",NA,NA
826,"No","1","male",32,0,0,6.95,"Q","Mr",NA,NA
827,"No","1","male",32,0,0,56.4958,"S","Mr",NA,NA
828,"Yes","2","male",1,0,2,37.0042,"C","Master",NA,NA
829,"Yes","1","male",32,0,0,7.75,"Q","Mr",NA,NA
830,"Yes","3","female",62,0,0,80,NA,"Mrs","S","B"
831,"Yes","1","female",15,1,0,14.4542,"C","Mrs",NA,NA
832,"Yes","2","male",0.83,1,1,18.75,"S","Master",NA,NA
833,"No","1","male",32,0,0,7.2292,"C","Mr",NA,NA
834,"No","1","male",23,0,0,7.8542,"S","Mr",NA,NA
835,"No","1","male",18,0,0,8.3,"S","Mr",NA,NA
836,"Yes","3","female",39,1,1,83.1583,"C","Miss","B","E"
837,"No","1","male",21,0,0,8.6625,"S","Mr",NA,NA
838,"No","1","male",32,0,0,8.05,"S","Mr",NA,NA
839,"Yes","1","male",32,0,0,56.4958,"S","Mr",NA,NA
840,"Yes","3","male",32,0,0,29.7,"C","Mr","B","C"
841,"No","1","male",20,0,0,7.925,"S","Mr",NA,NA
842,"No","2","male",16,0,0,10.5,"S","Mr",NA,NA
843,"Yes","3","female",30,0,0,31,"C","Miss",NA,NA
844,"No","1","male",34.5,0,0,6.4375,"C","Mr",NA,NA
845,"No","1","male",17,0,0,8.6625,"S","Mr",NA,NA
846,"No","1","male",42,0,0,7.55,"S","Mr",NA,NA
847,"No","1","male",32,8,2,69.55,"S","Mr",NA,NA
848,"No","1","male",35,0,0,7.8958,"C","Mr",NA,NA
849,"No","2","male",28,0,1,33,"S","Rev",NA,NA
850,"Yes","3","female",36,1,0,89.1042,"C","Mrs","S","C"
851,"No","1","male",4,4,2,31.275,"S","Master",NA,NA
852,"No","1","male",74,0,0,7.775,"S","Mr",NA,NA
853,"No","1","female",9,1,1,15.2458,"C","Miss",NA,NA
854,"Yes","3","female",16,0,1,39.4,"S","Miss","S","D"
855,"No","2","female",44,1,0,26,"S","Mrs",NA,NA
856,"Yes","1","female",18,0,1,9.35,"S","Mrs",NA,NA
857,"Yes","3","female",45,1,1,164.8667,"S","Mrs",NA,NA
858,"Yes","3","male",51,0,0,26.55,"S","Mr","B","E"
859,"Yes","1","female",24,0,3,19.2583,"C","Mrs",NA,NA
860,"No","1","male",32,0,0,7.2292,"C","Mr",NA,NA
861,"No","1","male",41,2,0,14.1083,"S","Mr",NA,NA
862,"No","2","male",21,1,0,11.5,"S","Mr",NA,NA
863,"Yes","3","female",48,0,0,25.9292,"S","Mrs","B","D"
864,"No","1","female",22,8,2,69.55,"S","Miss",NA,NA
865,"No","2","male",24,0,0,13,"S","Mr",NA,NA
866,"Yes","2","female",42,0,0,13,"S","Mrs",NA,NA
867,"Yes","2","female",27,1,0,13.8583,"C","Miss",NA,NA
868,"No","3","male",31,0,0,50.4958,"S","Mr","S","A"
869,"No","1","male",32,0,0,9.5,"S","Mr",NA,NA
870,"Yes","1","male",4,1,1,11.1333,"S","Master",NA,NA
871,"No","1","male",26,0,0,7.8958,"S","Mr",NA,NA
872,"Yes","3","female",47,1,1,52.5542,"S","Mrs","B","D"
873,"No","3","male",33,0,0,5,"S","Mr","B","B"
874,"No","1","male",47,0,0,9,"S","Mr",NA,NA
875,"Yes","2","female",28,1,0,24,"C","Mrs",NA,NA
876,"Yes","1","female",15,0,0,7.225,"C","Miss",NA,NA
877,"No","1","male",20,0,0,9.8458,"S","Mr",NA,NA
878,"No","1","male",19,0,0,7.8958,"S","Mr",NA,NA
879,"No","1","male",32,0,0,7.8958,"S","Mr",NA,NA
880,"Yes","3","female",56,0,1,83.1583,"C","Mrs","S","C"
881,"Yes","2","female",25,0,1,26,"S","Mrs",NA,NA
882,"No","1","male",33,0,0,7.8958,"S","Mr",NA,NA
883,"No","1","female",22,0,0,10.5167,"S","Miss",NA,NA
884,"No","2","male",28,0,0,10.5,"S","Mr",NA,NA
885,"No","1","male",25,0,0,7.05,"S","Mr",NA,NA
886,"No","1","female",39,0,5,29.125,"Q","Mrs",NA,NA
887,"No","2","male",27,0,0,13,"S","Rev",NA,NA
888,"Yes","3","female",19,0,0,30,"S","Miss","S","B"
889,"No","1","female",22,1,2,23.45,"S","Miss",NA,NA
890,"Yes","3","male",26,0,0,30,"C","Mr","S","C"
891,"No","1","male",32,0,0,7.75,"Q","Mr",NA,NA
